{
  "human_col": "human_score",
  "pred_col": "pred_score",
  "n": 8,
  "pearson_r": 1.5479637690031991,
  "pearson_p": 1.1597089980182371,
  "spearman_r": 0.5269555552418339,
  "spearman_p": 0.17962896715692672,
  "mae": 1.5349999999999997,
  "mse": 1.254774999999995,
  "rmse": 4.1538867341322625,
  "r2": 2.5508218649517675,
  "within_1": 0.925
}